{
  "timestamp": "2025-07-21T02:26:32.741188",
  "tool_call_accuracy": 100.0,
  "protection_layers": 7,
  "failure_rate": 0.0,
  "improvement_from_base": 9.700000000000003
}