{
  "timestamp": "2025-07-21T10:14:40.620768",
  "health_score": 100,
  "tool_accuracy": [
    80.0,
    80.0,
    80.0,
    80.0,
    80.0,
    80.0,
    80.0,
    80.0,
    80.0,
    80.0
  ],
  "mcp_latency": [
    50,
    50,
    50,
    50,
    50,
    50,
    50,
    50,
    50,
    50
  ],
  "system_metrics": {
    "cpu_usage": 3.7,
    "memory_usage": 68.0,
    "memory_available_gb": 5.125701904296875,
    "disk_usage": 47.2,
    "disk_free_gb": 16.705123901367188
  }
}