{
  "timestamp": "2025-07-21T11:09:40.440372",
  "health_score": 100,
  "tool_accuracy": [
    80.0,
    80.0,
    80.0,
    80.0,
    80.0,
    80.0,
    80.0,
    80.0,
    80.0,
    80.0
  ],
  "mcp_latency": [
    50,
    50,
    50,
    50,
    50,
    50,
    50,
    50,
    50,
    50
  ],
  "system_metrics": {
    "cpu_usage": 5.0,
    "memory_usage": 68.2,
    "memory_available_gb": 5.085418701171875,
    "disk_usage": 47.2,
    "disk_free_gb": 16.682769775390625
  }
}